{
  "payslips": [
    {
      "lineItemID": "LineItem-XYZ-Overpayment",
      "employeeID": {	
        "employeePpsn": "01070390T",
        "employmentID": "1"
      },
      "name": {
        "firstName": "Sara",
        "familyName": "Tester"
      },
      "shadowPayroll": false,
      "payFrequency": "WEEKLY",
      "numberOfPayPeriods": 52,
      "rpnNumber": "3",
      "exclusionOrder": false,
      "payDate": "2018-04-11",
      "grossPay": 5000.00,
      "payForIncomeTax": 5000.00,
      "incomeTaxPaid": 400.65,
      "payForEmployeePRSI": 0.00,
      "payForEmployerPRSI": 0.00,
      "prsiExempt": false,
      "prsiExemptionReason": null,
      "prsiClassDetails": [
        {
          "prsiClass": "A1",
          "insurableWeeks": 53
        }
      ],
      "employeePRSIPaid": 240.33,
      "employerPRSIPaid": 240.11,
      "payForUSC": 5000.00,
      "uscStatus": "ORDINARY",
      "uscPaid": 240.00,
      "lptDeducted": 100.00,
      "grossMedicalInsurance": 100.00,
      "shareBasedRemuneration": 100.00,
      "taxableBenefits": 100.00,
      "taxableLumpSum": 100.00,
      "nonTaxableLumpSum": 100.00,
      "pensionTracingNumbers": [
        {
          "pensionTracingNumber": "PB123456"
        }
      ],
      "employerRBS": 500.00,
      "employeeRBS": 500.00,
      "employerPRSA": 500.00,
      "employeePRSA": 500.00,
      "employeeRAC": 500.00,
      "employeeAVC": 500.00
    }
  ],
  "lineItemIDsToDelete": []
}