<env:Envelope xmlns:env="http://www.w3.org/2003/05/soap-envelope">
   <env:Header/>
   <env:Body>
      <ns2:CheckPayrollSubmissionResponse xmlns:ns2="http://www.ros.ie/schemas/paye-employers/v1/payroll/">
         <ns2:SubmissionID>Submission-111</ns2:SubmissionID>
         <ns2:Status>Completed</ns2:Status>
         <ns2:SubmissionHeader>
            <ns2:EmployerRegistrationNumber>3390617EH</ns2:EmployerRegistrationNumber>
            <ns2:PayrollRunReference>Payroll-Run-Reference-6</ns2:PayrollRunReference>
            <ns2:TaxYear>2018</ns2:TaxYear>
            <ns2:SoftwareUsed>
               <ns2:Name>SOAP UI</ns2:Name>
               <ns2:Version>5.4.0</ns2:Version>
            </ns2:SoftwareUsed>
         </ns2:SubmissionHeader>
         <ns2:SubmissionSummary>
            <ns2:TaxOnIncome>700.00</ns2:TaxOnIncome>
            <ns2:PRSI>300.00</ns2:PRSI>
            <ns2:USC>100.00</ns2:USC>
            <ns2:LPT>0.00</ns2:LPT>
            <ns2:PayslipCount>2</ns2:PayslipCount>
            <ns2:PayslipToDeleteCount>0</ns2:PayslipToDeleteCount>
         </ns2:SubmissionSummary>
         <ns2:InvalidPayslip>
            <ns2:LineItemID>LineItem-XYZ-Correction</ns2:LineItemID>
            <ns2:Error>
               <ns2:Code>1010</ns2:Code>
               <ns2:Path>employeeID.employeePpsn</ns2:Path>
               <ns2:Description>Invalid format employee PPSN.</ns2:Description>
            </ns2:Error>
         </ns2:InvalidPayslip>
      </ns2:CheckPayrollSubmissionResponse>
   </env:Body>
</env:Envelope>