<env:Envelope xmlns:env="http://www.w3.org/2003/05/soap-envelope">
   <env:Header/>
   <env:Body>
      <ns2:CheckErrRunResponse xmlns:ns2="http://www.ros.ie/schemas/paye-employers/err/v1/enhanced_reporting/">
         <ns2:Status>PROCESSED</ns2:Status>
         <ns2:Amount>235</ns2:Amount>
         <ns2:ExpenseBenefitSubmissions>
            <ns2:SubmissionID>Sub01</ns2:SubmissionID>
            <ns2:Status>COMPLETED</ns2:Status>
            <ns2:ExpenseBenefitSubmissionSummary>
               <ns2:Amount>235</ns2:Amount>
               <ns2:ExpensesBenefitsCount>5</ns2:ExpensesBenefitsCount>
               <ns2:ExpensesBenefitsToDeleteCount>0</ns2:ExpensesBenefitsToDeleteCount>
            </ns2:ExpenseBenefitSubmissionSummary>
         </ns2:ExpenseBenefitSubmissions>
         <ns2:ExpenseBenefitSummary>
            <ns2:LineItemID>Line01</ns2:LineItemID>
            <ns2:EmployeeID>
               <ns2:EmployeePPSN>1234567X</ns2:EmployeePPSN>
               <ns2:EmploymentID>26</ns2:EmploymentID>
            </ns2:EmployeeID>
            <ns2:EmployerReference>JDEHJ352</ns2:EmployerReference>
            <ns2:Category>TRAVEL_AND_SUBSISTENCE</ns2:Category>
            <ns2:SubCategory>TRAVEL_VOUCHED</ns2:SubCategory>
            <ns2:Amount>25</ns2:Amount>
         </ns2:ExpenseBenefitSummary>
         <ns2:ExpenseBenefitSummary>
            <ns2:LineItemID>Line02</ns2:LineItemID>
            <ns2:EmployeeID>
               <ns2:EmployeePPSN>1234567X</ns2:EmployeePPSN>
               <ns2:EmploymentID>26</ns2:EmploymentID>
            </ns2:EmployeeID>
            <ns2:EmployerReference>JDEHJ352</ns2:EmployerReference>
            <ns2:Category>TRAVEL_AND_SUBSISTENCE</ns2:Category>
            <ns2:SubCategory>TRAVEL_UNVOUCHED</ns2:SubCategory>
            <ns2:Amount>65</ns2:Amount>
         </ns2:ExpenseBenefitSummary>
         <ns2:ExpenseBenefitSummary>
            <ns2:LineItemID>Line03</ns2:LineItemID>
            <ns2:EmployeeID>
               <ns2:EmployeePPSN>1234567X</ns2:EmployeePPSN>
               <ns2:EmploymentID>26</ns2:EmploymentID>
            </ns2:EmployeeID>
            <ns2:EmployerReference>JDEHJ352</ns2:EmployerReference>
            <ns2:Category>TRAVEL_AND_SUBSISTENCE</ns2:Category>
            <ns2:SubCategory>TRAVEL_UNVOUCHED</ns2:SubCategory>
            <ns2:Amount>50</ns2:Amount>
         </ns2:ExpenseBenefitSummary>
         <ns2:ExpenseBenefitSummary>
            <ns2:LineItemID>Line05</ns2:LineItemID>
            <ns2:EmployeeID>
               <ns2:EmployeePPSN>7654321X</ns2:EmployeePPSN>
               <ns2:EmploymentID>20</ns2:EmploymentID>
            </ns2:EmployeeID>
            <ns2:EmployerReference>UEJD283</ns2:EmployerReference>
            <ns2:Category>TRAVEL_AND_SUBSISTENCE</ns2:Category>
            <ns2:SubCategory>TRAVEL_UNVOUCHED</ns2:SubCategory>
            <ns2:Amount>50</ns2:Amount>
         </ns2:ExpenseBenefitSummary>
         <ns2:ExpenseBenefitSummary>
            <ns2:LineItemID>Line04</ns2:LineItemID>
            <ns2:EmployeeID>
               <ns2:EmployeePPSN>7654322X</ns2:EmployeePPSN>
               <ns2:EmploymentID>74</ns2:EmploymentID>
            </ns2:EmployeeID>
            <ns2:EmployerReference>PLKA1254</ns2:EmployerReference>
            <ns2:Category>REMOTE_WORKING_DAILY_ALLOWANCE</ns2:Category>
            <ns2:Amount>45</ns2:Amount>
         </ns2:ExpenseBenefitSummary>
      </ns2:CheckErrRunResponse>
   </env:Body>
</env:Envelope>