{
	"payslips": [{
		"lineItemID": "LineItem-XYZ",
		"employeeID": {
			"employeePpsn": "01070390T",
			"employmentID": "1"
		},
		"name": {
			"firstName": "Sara",
			"familyName": "Tester"
		},
		"leaveDate": "2018-03-15",
		"shadowPayroll": false,
		"payFrequency": "MONTHLY",
		"numberOfPayPeriods": 13,
		"rpnNumber": "3",
		"exclusionOrder": false,
		"payDate": "2018-04-15",
		"grossPay": -1000.00,
		"payForIncomeTax": -1000.00,
		"incomeTaxPaid": -250.00,
		"payForEmployeePRSI": -1000.00,
		"payForEmployerPRSI": -1000.00,
		"prsiExempt": false,
		"prsiClassDetails": [{
			"prsiClass": "A1",
			"insurableWeeks": -4
		}],
		"employeePRSIPaid": -160.00,
		"employerPRSIPaid": -160.00,
		"payForUSC": -1000.00,
		"uscStatus": "ORDINARY",
		"uscPaid": -160.00,
		"lptDeducted": 0.00,
		"grossMedicalInsurance": 0.00,
		"shareBasedRemuneration": 0.00,
		"taxableBenefits": 0.00,
		"taxableLumpSum": 0.00,
		"nonTaxableLumpSum": 0.00,
		"pensionTracingNumbers": [],
		"employerRBS": 0.00,
		"employeeRBS": 0.00,
		"employerPRSA": 0.00,
		"employeePRSA": 0.00,
		"employeeRAC": 0.00,
		"employeeAVC": 0.00
	}],
	"lineItemIDsToDelete": []
}