<?xml version="1.0" encoding="UTF-8" standalone="yes"?>
<PayrollSubmissionRequest xmlns="http://www.ros.ie/schemas/paye-employers/v1/payroll/">
	<SubmissionID>Submission-24</SubmissionID>
	<BatchReference>
		<Index>1</Index>
		<Count>1</Count>
	</BatchReference>
	<Header>
		<EmployerRegistrationNumber>09876543E</EmployerRegistrationNumber>
		<PayrollRunReference>Payroll-Run-Reference-1</PayrollRunReference>
		<TaxYear>2018</TaxYear>
		<SoftwareUsed>
			<Name>SOAP UI</Name>
			<Version>5.4.0</Version>
		</SoftwareUsed>
	</Header>
	<Payslip>
		<LineItemID>LineItem-XYZ-24</LineItemID>
		<EmployeeID>
			<EmployeePPSN>01234567T</EmployeePPSN>
			<EmploymentID>1</EmploymentID>
		</EmployeeID>
		<Name>
			<FirstName>Sara</FirstName>
			<FamilyName>Tester</FamilyName>
		</Name>
		<ShadowPayroll>false</ShadowPayroll>
		<PayFrequency>Monthly</PayFrequency>
		<NumberOfPayPeriods>13</NumberOfPayPeriods>
		<RPNNumber>9</RPNNumber>
		<ExclusionOrder>false</ExclusionOrder>
		<PayDate>2018-04-01</PayDate>
		<GrossPay>3000.00</GrossPay>
		<PayForIncomeTax>3000.00</PayForIncomeTax>
		<IncomeTaxPaid>700.00</IncomeTaxPaid>
		<PayForEmployeePRSI>0.00</PayForEmployeePRSI>
		<PayForEmployerPRSI>0.00</PayForEmployerPRSI>
		<PRSIExempt>true</PRSIExempt>
		<PRSIExemptionReason>SocialWelfareScheme</PRSIExemptionReason>
		<EmployeePRSIPaid>0.00</EmployeePRSIPaid>
		<EmployerPRSIPaid>0.00</EmployerPRSIPaid>
		<PayForUSC>300.00</PayForUSC>
		<USCStatus>Ordinary</USCStatus>
		<USCPaid>100.00</USCPaid>
		<LPTDeducted>0.00</LPTDeducted>
		<GrossMedicalInsurance>0.00</GrossMedicalInsurance>
		<ShareBasedRemuneration>0.00</ShareBasedRemuneration>
		<TaxableBenefits>0.00</TaxableBenefits>
		<TaxableLumpSum>0.00</TaxableLumpSum>
		<NonTaxableLumpSum>0.00</NonTaxableLumpSum>
		<EmployerRBS>0.00</EmployerRBS>
		<EmployeeRBS>0.00</EmployeeRBS>
		<EmployerPRSA>0.00</EmployerPRSA>
		<EmployeePRSA>0.00</EmployeePRSA>
		<EmployeeRAC>0.00</EmployeeRAC>
		<EmployeeAVC>0.00</EmployeeAVC>
	</Payslip>
</PayrollSubmissionRequest>

