<soap:Envelope xmlns:soap="http://www.w3.org/2003/05/soap-envelope" xmlns:enh="http://www.ros.ie/schemas/paye-employers/err/v1/enhanced_reporting/">
<soap:Header/>
<soap:Body>
<enh:EnhancedReportingSubmissionRequest>
<enh:SubmissionID>Sub04</enh:SubmissionID>
<enh:Header>
<enh:EmployerRegistrationNumber>1234567T</enh:EmployerRegistrationNumber>
<enh:EnhancedReportingRunReference>Run1</enh:EnhancedReportingRunReference>
<enh:TaxYear>2024</enh:TaxYear>
<enh:SoftwareUsed>
<enh:Name>SoapUI</enh:Name>
<enh:Version>5.4.0</enh:Version>
</enh:SoftwareUsed>
</enh:Header>
<!-- Zero or more repetitions: -->
<enh:ExpensesBenefits>
<enh:LineItemID>Line07</enh:LineItemID>
<enh:EmployeeID>
<enh:EmployeePPSN>1234567X</enh:EmployeePPSN>
<enh:EmploymentID>1</enh:EmploymentID>
</enh:EmployeeID>
<enh:EmployerReference>Ref01</enh:EmployerReference>
<enh:Name>
<enh:FirstName>Anne</enh:FirstName>
<enh:FamilyName>Bloggs</enh:FamilyName>
</enh:Name>
<enh:Address>
<enh:AddressLine>Address Test 1</enh:AddressLine>
<enh:County>Dublin</enh:County>
<enh:Eircode>D02C383</enh:Eircode>
<enh:CountryCode>IRL</enh:CountryCode>
</enh:Address>
<enh:DateOfBirth>1960-01-01</enh:DateOfBirth>
<enh:Category>TRAVEL_AND_SUBSISTENCE</enh:Category>
<enh:SubCategory>ADVANCE_PAYMENT</enh:SubCategory>
<enh:PaymentDate>2024-01-01</enh:PaymentDate>
<enh:Amount>-500</enh:Amount>
</enh:ExpensesBenefits>
<enh:ExpensesBenefits>
<enh:LineItemID>Line04</enh:LineItemID>
<enh:EmployeeID>
<enh:EmployeePPSN>1234567X</enh:EmployeePPSN>
<enh:EmploymentID>1</enh:EmploymentID>
</enh:EmployeeID>
<enh:EmployerReference>Ref01</enh:EmployerReference>
<enh:Name>
<enh:FirstName>Anne</enh:FirstName>
<enh:FamilyName>Bloggs</enh:FamilyName>
</enh:Name>
<enh:Address>
<enh:AddressLine>Address Test 1</enh:AddressLine>
<enh:County>Dublin</enh:County>
<enh:Eircode>D02C383</enh:Eircode>
<enh:CountryCode>IRL</enh:CountryCode>
</enh:Address>
<enh:DateOfBirth>1960-01-01</enh:DateOfBirth>
<enh:Category>TRAVEL_AND_SUBSISTENCE</enh:Category>
<enh:SubCategory>TRAVEL_VOUCHED</enh:SubCategory>
<enh:PaymentDate>2024-01-01</enh:PaymentDate>
<enh:AdvancePaymentReconciliation>true</enh:AdvancePaymentReconciliation>
<enh:Amount>50</enh:Amount>
</enh:ExpensesBenefits>
<enh:ExpensesBenefits>
<enh:LineItemID>Line05</enh:LineItemID>
<enh:EmployeeID>
<enh:EmployeePPSN>1234567X</enh:EmployeePPSN>
<enh:EmploymentID>1</enh:EmploymentID>
</enh:EmployeeID>
<enh:EmployerReference>Ref01</enh:EmployerReference>
<enh:Name>
<enh:FirstName>Anne</enh:FirstName>
<enh:FamilyName>Bloggs</enh:FamilyName>
</enh:Name>
<enh:Address>
<enh:AddressLine>Address Test 1</enh:AddressLine>
<enh:County>Dublin</enh:County>
<enh:Eircode>D02C383</enh:Eircode>
<enh:CountryCode>IRL</enh:CountryCode>
</enh:Address>
<enh:DateOfBirth>1960-01-01</enh:DateOfBirth>
<enh:Category>TRAVEL_AND_SUBSISTENCE</enh:Category>
<enh:SubCategory>TRAVEL_UNVOUCHED</enh:SubCategory>
<enh:PaymentDate>2024-01-01</enh:PaymentDate>
<enh:AdvancePaymentReconciliation>true</enh:AdvancePaymentReconciliation>
<enh:Amount>50</enh:Amount>
</enh:ExpensesBenefits>
<enh:ExpensesBenefits>
<enh:LineItemID>Line06</enh:LineItemID>
<enh:EmployeeID>
<enh:EmployeePPSN>1234567X</enh:EmployeePPSN>
<enh:EmploymentID>1</enh:EmploymentID>
</enh:EmployeeID>
<enh:EmployerReference>Ref01</enh:EmployerReference>
<enh:Name>
<enh:FirstName>Anne</enh:FirstName>
<enh:FamilyName>Bloggs</enh:FamilyName>
</enh:Name>
<enh:Address>
<enh:AddressLine>Address Test 1</enh:AddressLine>
<enh:County>Dublin</enh:County>
<enh:Eircode>D02C383</enh:Eircode>
<enh:CountryCode>IRL</enh:CountryCode>
</enh:Address>
<enh:DateOfBirth>1960-01-01</enh:DateOfBirth>
<enh:Category>TRAVEL_AND_SUBSISTENCE</enh:Category>
<enh:SubCategory>EATING_ON_SITE</enh:SubCategory>
<enh:PaymentDate>2024-01-01</enh:PaymentDate>
<enh:AdvancePaymentReconciliation>true</enh:AdvancePaymentReconciliation>
<enh:Amount>100</enh:Amount>
</enh:ExpensesBenefits>
</enh:EnhancedReportingSubmissionRequest>
</soap:Body>
</soap:Envelope>