<env:Envelope xmlns:env="http://www.w3.org/2003/05/soap-envelope">
   <env:Header/>
   <env:Body>
      <ns2:CheckPayrollSubmissionResponse xmlns:ns2="http://www.ros.ie/schemas/paye-employers/v1/payroll/">
         <ns2:SubmissionID>Submission-18</ns2:SubmissionID>
         <ns2:Status>Completed</ns2:Status>
         <ns2:SubmissionHeader>
            <ns2:EmployerRegistrationNumber>3390617EH</ns2:EmployerRegistrationNumber>
            <ns2:PayrollRunReference>Payroll-Run-Reference-4</ns2:PayrollRunReference>
            <ns2:TaxYear>2018</ns2:TaxYear>
            <ns2:SoftwareUsed>
               <ns2:Name>SOAP UI</ns2:Name>
               <ns2:Version>5.4.0</ns2:Version>
            </ns2:SoftwareUsed>
         </ns2:SubmissionHeader>
         <ns2:SubmissionSummary>
            <ns2:TaxOnIncome>1900.00</ns2:TaxOnIncome>
            <ns2:PRSI>800.00</ns2:PRSI>
            <ns2:USC>200.00</ns2:USC>
            <ns2:LPT>0.00</ns2:LPT>
            <ns2:PayslipCount>1</ns2:PayslipCount>
            <ns2:PayslipToDeleteCount>0</ns2:PayslipToDeleteCount>
         </ns2:SubmissionSummary>
      </ns2:CheckPayrollSubmissionResponse>
   </env:Body>
</env:Envelope>