<env:Envelope xmlns:env="http://www.w3.org/2003/05/soap-envelope">
   <env:Header/>
   <env:Body>
      <ns2:CheckPayrollRunResponse xmlns:ns2="http://www.ros.ie/schemas/paye-employers/v1/payroll/">
         <ns2:Status>Processed</ns2:Status>
         <ns2:TaxOnIncome>150.00</ns2:TaxOnIncome>
         <ns2:PRSI>48.00</ns2:PRSI>
         <ns2:USC>48.00</ns2:USC>
         <ns2:LPT>0.00</ns2:LPT>
         <ns2:Submission>
            <ns2:SubmissionID>Submission-22</ns2:SubmissionID>
            <ns2:Status>Completed</ns2:Status>
            <ns2:SubmissionSummary>
               <ns2:TaxOnIncome>150.00</ns2:TaxOnIncome>
               <ns2:PRSI>48.00</ns2:PRSI>
               <ns2:USC>48.00</ns2:USC>
               <ns2:LPT>0.00</ns2:LPT>
               <ns2:PayslipCount>1</ns2:PayslipCount>
               <ns2:PayslipToDeleteCount>0</ns2:PayslipToDeleteCount>
            </ns2:SubmissionSummary>
         </ns2:Submission>
         <ns2:PayslipSummary>
            <ns2:LineItemID>LineItem-XYZ-22</ns2:LineItemID>
            <ns2:EmployeeID>
               <ns2:EmployeePPSN>01234567T</ns2:EmployeePPSN>
               <ns2:EmploymentID>1</ns2:EmploymentID>
            </ns2:EmployeeID>
            <ns2:TaxOnIncome>150.00</ns2:TaxOnIncome>
            <ns2:PRSI>48.00</ns2:PRSI>
            <ns2:USC>48.00</ns2:USC>
            <ns2:LPT>0.00</ns2:LPT>
         </ns2:PayslipSummary>
      </ns2:CheckPayrollRunResponse>
   </env:Body>
</env:Envelope>