<?xml version="1.0" encoding="UTF-8" standalone="yes"?>
<PayrollSubmissionRequest xmlns="http://www.ros.ie/schemas/paye-employers/v1/payroll/">
	<SubmissionID>Submission-1</SubmissionID>
	<BatchReference>
		<Index>1</Index>
		<Count>1</Count>
	</BatchReference>
	<Header>
		<EmployerRegistrationNumber>3390617EH</EmployerRegistrationNumber>
		<PayrollRunReference>Payroll-Run-Reference-1</PayrollRunReference>
		<TaxYear>2018</TaxYear>
		<SoftwareUsed>
			<Name>SOAP UI</Name>
			<Version>5.4.0</Version>
		</SoftwareUsed>
	</Header>
	<Payslip>
		<LineItemID>LineItem-XYZ</LineItemID>
		<EmployeeID>
			<EmployeePPSN>01234567T</EmployeePPSN>
			<EmploymentID>1</EmploymentID>
		</EmployeeID>
		<Name>
			<FirstName>Sara</FirstName>
			<FamilyName>Tester</FamilyName>
		</Name>
		<StartDate>2018-01-01</StartDate>
		<ShadowPayroll>false</ShadowPayroll>
		<PayFrequency>Monthly</PayFrequency>
		<NumberOfPayPeriods>13</NumberOfPayPeriods>
		<RPNNumber>9</RPNNumber>
		<ExclusionOrder>false</ExclusionOrder>
		<PayDate>2018-01-30</PayDate>
		<GrossPay>3000.00</GrossPay>
		<PayForIncomeTax>3000.00</PayForIncomeTax>
		<IncomeTaxPaid>700.00</IncomeTaxPaid>
		<PayForEmployeePRSI>3000.00</PayForEmployeePRSI>
		<PayForEmployerPRSI>3000.00</PayForEmployerPRSI>
		<PRSIExempt>false</PRSIExempt>
		<PRSIClassDetail>
			<PRSIClass>A1</PRSIClass>
			<InsurableWeeks>16</InsurableWeeks>
		</PRSIClassDetail>
		<EmployeePRSIPaid>240.00</EmployeePRSIPaid>
		<EmployerPRSIPaid>120.00</EmployerPRSIPaid>
		<PayForUSC>3000.00</PayForUSC>
		<USCStatus>Ordinary</USCStatus>
		<USCPaid>240.00</USCPaid>
		<LPTDeducted>0.00</LPTDeducted>
		<GrossMedicalInsurance>0.00</GrossMedicalInsurance>
		<ShareBasedRemuneration>0.00</ShareBasedRemuneration>
		<TaxableBenefits>0.00</TaxableBenefits>
		<TaxableLumpSum>0.00</TaxableLumpSum>
		<NonTaxableLumpSum>0.00</NonTaxableLumpSum>
	</Payslip>
</PayrollSubmissionRequest>

