{
	"payslips": [{
		"lineItemID": "LineItem-XYZ",
		"employeeID": {
			"employeePpsn": "01070390T",
			"employmentID": "1"
		},
		"name": {
			"firstName": "Sara",
			"familyName": "Tester"
		},
		"shadowPayroll": false,
		"payFrequency": "MONTHLY",
		"numberOfPayPeriods": 12,
		"rpnNumber": "3",
		"exclusionOrder": false,
		"payDate": "2018-04-15",
		"grossPay": 2400.00,
		"payForIncomeTax": 2400.00,
		"incomeTaxPaid": 500.00,
		"payForEmployeePRSI": 2400.00,
		"payForEmployerPRSI": 2400.00,
		"prsiExempt": false,
		"prsiClassDetails": [{
			"prsiClass": "A1",
			"insurableWeeks": 12
		}],
		"employeePRSIPaid": 240.00,
		"employerPRSIPaid": 240.00,
		"payForUSC": 2400.00,
		"uscStatus": "ORDINARY",
		"uscPaid": 100.00,
		"lptDeducted": 0.00,
		"grossMedicalInsurance": 0.00,
		"shareBasedRemuneration": 0.00,
		"taxableBenefits": 0.00,
		"taxableLumpSum": 0.00,
		"nonTaxableLumpSum": 0.00,
		"pensionTracingNumbers": [],
		"employerRBS": 0.00,
		"employeeRBS": 0.00,
		"employerPRSA": 0.00,
		"employeePRSA": 0.00,
		"employeeRAC": 0.00,
		"employeeAVC": 0.00
	},
	{
		"lineItemID": "LineItem-XYZ-2",
		"employeeID": {
			"employeePpsn": "1074431E",
			"employmentID": "1"
		},
		"name": {
			"firstName": "Test",
			"familyName": "Tester"
		},
		"shadowPayroll": false,
		"payFrequency": "MONTHLY",
		"numberOfPayPeriods": 12,
		"rpnNumber": "3",
		"exclusionOrder": false,
		"payDate": "2018-04-30",
		"grossPay": 2400.00,
		"payForIncomeTax": 2400.00,
		"incomeTaxPaid": 240.00,
		"payForEmployeePRSI": 240.00,
		"payForEmployerPRSI": 240.00,
		"prsiExempt": false,
		"prsiClassDetails": [{
			"prsiClass": "A1",
			"insurableWeeks": 12
		}],
		"employeePRSIPaid": 100.00,
		"employerPRSIPaid": 100.00,
		"payForUSC": 2400.00,
		"uscStatus": "ORDINARY",
		"uscPaid": 100.00,
		"lptDeducted": 0.00,
		"grossMedicalInsurance": 0.00,
		"shareBasedRemuneration": 0.00,
		"taxableBenefits": 0.00,
		"taxableLumpSum": 0.00,
		"nonTaxableLumpSum": 0.00,
		"pensionTracingNumbers": [],
		"employerRBS": 0.00,
		"employeeRBS": 0.00,
		"employerPRSA": 0.00,
		"employeePRSA": 0.00,
		"employeeRAC": 0.00,
		"employeeAVC": 0.00
	},
	{
		"lineItemID": "LineItem-XYZ-3",
		"employeeID": {
			"employeePpsn": "1066914F",
			"employmentID": "1"
		},
		"name": {
			"firstName": "Quick",
			"familyName": "Tester"
		},
		"shadowPayroll": false,
		"payFrequency": "MONTHLY",
		"numberOfPayPeriods": 12,
		"rpnNumber": "3",
		"exclusionOrder": false,
		"payDate": "2018-04-01",
		"grossPay": 2400.00,
		"payForIncomeTax": 2400.00,
		"incomeTaxPaid": 240.00,
		"payForEmployeePRSI": 240.00,
		"payForEmployerPRSI": 240.00,
		"prsiExempt": false,
		"prsiClassDetails": [{
			"prsiClass": "A1",
			"insurableWeeks": 12
		}],
		"employeePRSIPaid": 100.00,
		"employerPRSIPaid": 100.00,
		"payForUSC": 2400.00,
		"uscStatus": "ORDINARY",
		"uscPaid": 100.00,
		"lptDeducted": 0.00,
		"grossMedicalInsurance": 0.00,
		"shareBasedRemuneration": 0.00,
		"taxableBenefits": 0.00,
		"taxableLumpSum": 0.00,
		"nonTaxableLumpSum": 0.00,
		"pensionTracingNumbers": [],
		"employerRBS": 0.00,
		"employeeRBS": 0.00,
		"employerPRSA": 0.00,
		"employeePRSA": 0.00,
		"employeeRAC": 0.00,
		"employeeAVC": 0.00
	}],
	"lineItemIDsToDelete": []
}