{
    "status": "PROCESSED",
    "taxOnIncome": 200,
    "prsi": 400,
    "usc": 160,
    "lpt": 0,
    "submissions": [
        {
            "submissionID": "Submission_00001",
            "status": "COMPLETED",
            "submissionSummary": {
                "taxOnIncome": 200,
                "prsi": 400,
                "usc": 160,
                "lpt": 0,
                "payslipCount": 1,
                "payslipToDeleteCount": 0
            }
        }
    ],
    "payslipSummaries": [
        {
            "lineItemID": "LineItem-XYZ-Original",
            "employeeID": {
                "employeePpsn": "01070390T",
                "employmentID": "1"
            },
            "taxOnIncome": 200,
            "prsi": 400,
            "usc": 160,
            "lpt": 0
        }
    ]
}