{
    "status": "PROCESSED",
    "taxOnIncome": -250,
    "prsi": -320,
    "usc": -160,
    "lpt": 0,
    "submissions": [
        {
            "submissionID": "Submission_00001",
            "status": "COMPLETED",
            "submissionSummary": {
                "taxOnIncome": -250,
                "prsi": -320,
                "usc": -160,
                "lpt": 0,
                "payslipCount": 1,
                "payslipToDeleteCount": 0
            }
        }
    ],
    "payslipSummaries": [
        {
            "lineItemID": "LineItem-XYZ",
            "employeeID": {
                "employeePpsn": "01070390T",
                "employmentID": "1"
            },
            "taxOnIncome": -250,
            "prsi": -320,
            "usc": -160,
            "lpt": 0
        }
    ]
}