{
  "payslips": [
    {
      "lineItemID": "LineItem-XYZ-001",
      "employeeID": {	
        "employeePpsn": "01070390T",
        "employmentID": "1"
      },
      "name": {
        "firstName": "Sara",
        "familyName": "Tester"
      },
      "shadowPayroll": false,
      "payFrequency": "WEEKLY",
      "numberOfPayPeriods": 53,
      "rpnNumber": "3",
      "exclusionOrder": false,
      "payDate": "2018-04-15",
      "grossPay": 30000.00,
      "payForIncomeTax": 30000.00,
      "incomeTaxPaid": 4000.65,
      "payForEmployeePRSI": 0.00,
      "payForEmployerPRSI": 0.00,
      "prsiExempt": true,
      "prsiExemptionReason": "SOCIAL_WELFARE_SCHEME",
      "prsiClassDetails": [],
      "employeePRSIPaid": 0.00,
      "employerPRSIPaid": 0.00,
      "payForUSC": 2000.00,
      "uscStatus": "ORDINARY",
      "uscPaid": 160.00,
      "lptDeducted": 0.00,
      "grossMedicalInsurance": 0.00,
      "shareBasedRemuneration": 0.00,
      "taxableBenefits": 0.00,
      "taxableLumpSum": 0.00,
      "nonTaxableLumpSum": 0.00,
      "pensionTracingNumbers": [],
      "employerRBS": 0.00,
      "employeeRBS": 0.00,
      "employerPRSA": 0.00,
      "employeePRSA": 0.00,
      "employeeRAC": 0.00,
      "employeeAVC": 0.00
    }
  ],
  "lineItemIDsToDelete": []
}