{
	"payslips": [{
		"lineItemID": "LineItem-XYZ-00001",
		"employeeID": {
			"employeePpsn": "01074947Q",
			"employmentID": "1"
		},
		"name": {
			"firstName": "Sara",
			"familyName": "Tester"
		},
		"shadowPayroll": false,
		"payFrequency": "WEEKLY",
		"numberOfPayPeriods": 52,
		"rpnNumber": "1",
		"exclusionOrder": false,
		"payDate": "2018-04-29",
		"grossPay": 2400000.00,
		"payForIncomeTax": 2400000.00,
		"incomeTaxPaid": 600000.00,
		"payForEmployeePRSI": 600000.00,
		"payForEmployerPRSI": 600000.00,
		"prsiExempt": false,
		"prsiClassDetails": [{
			"prsiClass": "A1",
			"insurableWeeks": 4
		}],
		"employeePRSIPaid": 600000.00,
		"employerPRSIPaid": 600000.00,
		"payForUSC": 2400000.00,
		"uscStatus": "ORDINARY",
		"uscPaid": 2400000.00,
		"lptDeducted": 0.00,
		"grossMedicalInsurance": 0.00,
		"shareBasedRemuneration": 0.00,
		"taxableBenefits": 0.00,
		"taxableLumpSum": 0.00,
		"nonTaxableLumpSum": 0.00,
		"pensionTracingNumbers": [],
		"employerRBS": 0.00,
		"employeeRBS": 0.00,
		"employerPRSA": 0.00,
		"employeePRSA": 0.00,
		"employeeRAC": 0.00,
		"employeeAVC": 0.00
	},
	{
		"lineItemID": "LineItem-ABC-00002",
		"employeeID": {
			"employeePpsn": "01070390T",
			"employmentID": "1"
		},
		"name": {
			"firstName": "Sara",
			"familyName": "Tester"
		},
		"shadowPayroll": false,
		"payFrequency": "WEEKLY",
		"numberOfPayPeriods": 52,
		"rpnNumber": "1",
		"exclusionOrder": false,
		"payDate": "2018-04-29",
		"grossPay": 2400000.00,
		"payForIncomeTax": 2400000.00,
		"incomeTaxPaid": 600000.00,
		"payForEmployeePRSI": 600000.00,
		"payForEmployerPRSI": 600000.00,
		"prsiExempt": false,
		"prsiClassDetails": [{
			"prsiClass": "A1",
			"insurableWeeks": 4
		}],
		"employeePRSIPaid": 600000.00,
		"employerPRSIPaid": 600000.00,
		"payForUSC": 2400000.00,
		"uscStatus": "ORDINARY",
		"uscPaid": 2400000.00,
		"lptDeducted": 0.00,
		"grossMedicalInsurance": 0.00,
		"shareBasedRemuneration": 0.00,
		"taxableBenefits": 0.00,
		"taxableLumpSum": 0.00,
		"nonTaxableLumpSum": 0.00,
		"pensionTracingNumbers": [],
		"employerRBS": 0.00,
		"employeeRBS": 0.00,
		"employerPRSA": 0.00,
		"employeePRSA": 0.00,
		"employeeRAC": 0.00,
		"employeeAVC": 0.00
	}],
	"lineItemIDsToDelete": []
}