{
  "payslips": [
    {
      "lineItemID": "LineItem-XYZ_2",
      "employeeID": {	
        "employeePpsn": "01070390T",
        "employmentID": "1"
      },
      "name": {
        "firstName": "Sara",
        "familyName": "Tester"
      },
      "shadowPayroll": false,
      "payFrequency": "MONTHLY",
      "numberOfPayPeriods": 13,
      "rpnNumber": "3",
      "exclusionOrder": false,
      "payDate": "2018-07-20",
      "grossPay": 3000.00,
      "payForIncomeTax": 3000.00,
      "incomeTaxPaid": 400.00,
      "payForEmployeePRSI": 0.00,
      "payForEmployerPRSI": 0.00,
      "prsiExempt": false,
      "prsiClassDetails": [
        {
          "prsiClass": "A1",
          "insurableWeeks": -4
        },
        {
          "prsiClass": "J1",
          "insurableWeeks": 8
        }
      ],
      "employeePRSIPaid": -200.00,
      "employerPRSIPaid": -200.00,
      "payForUSC": 3000.00,
      "uscStatus": "ORDINARY",
      "uscPaid": 240.00,
      "lptDeducted": 0.00,
      "grossMedicalInsurance": 0.00,
      "shareBasedRemuneration": 0.00,
      "taxableBenefits": 0.00,
      "taxableLumpSum": 0.00,
      "nonTaxableLumpSum": 0.00,
      "employerRBS": 0.00,
      "employeeRBS": 0.00,
      "employerPRSA": 0.00,
      "employeePRSA": 0.00,
      "employeeRAC": 0.00,
      "employeeAVC": 0.00
    }
  ],
  "lineItemIDsToDelete": []
}