<?xml version="1.0" encoding="UTF-8" standalone="yes"?>
<PayrollSubmissionRequest xmlns="http://www.ros.ie/schemas/paye-employers/v1/payroll/">
	<SubmissionID>Submission-12_1</SubmissionID>
	<BatchReference>
		<Index>1</Index>
		<Count>1</Count>
	</BatchReference>
	<Header>
		<EmployerRegistrationNumber>8000075FH</EmployerRegistrationNumber>
		<PayrollRunReference>Payroll-Run-Reference-12-Original</PayrollRunReference>
		<TaxYear>2018</TaxYear>
		<SoftwareUsed>
			<Name>SOAP UI</Name>
			<Version>5.4.0</Version>
		</SoftwareUsed>
	</Header>
	<Payslip>
		<LineItemID>LineItem-XYZ-Correction</LineItemID>
		<PreviousLineItemID>LineItem-XYZ-Original</PreviousLineItemID>
		<EmployeeID>
			<EmployeePPSN>01234567T</EmployeePPSN>
			<EmploymentID>1</EmploymentID>
		</EmployeeID>
		<Name>
			<FirstName>Sara</FirstName>
			<FamilyName>Tester</FamilyName>
		</Name>
		<ShadowPayroll>false</ShadowPayroll>
		<PayFrequency>MONTHLY</PayFrequency>
		<NumberOfPayPeriods>13</NumberOfPayPeriods>
		<RPNNumber>3</RPNNumber>
		<ExclusionOrder>false</ExclusionOrder>
		<PayDate>2018-04-11</PayDate>
		<GrossPay>3000.00</GrossPay>
		<PayForIncomeTax>3000.00</PayForIncomeTax>
		<IncomeTaxPaid>200.65</IncomeTaxPaid>
		<PayForEmployeePRSI>3000.00</PayForEmployeePRSI>
		<PayForEmployerPRSI>3000.00</PayForEmployerPRSI>
		<PRSIExempt>false</PRSIExempt>
		<PRSIClassDetail>
			<PRSIClass>A1</PRSIClass>
			<InsurableWeeks>12</InsurableWeeks>
		</PRSIClassDetail>
		<EmployeePRSIPaid>240.33</EmployeePRSIPaid>
		<EmployerPRSIPaid>240.11</EmployerPRSIPaid>
		<PayForUSC>3000.00</PayForUSC>
		<USCStatus>Ordinary</USCStatus>
		<USCPaid>240.00</USCPaid>
		<LPTDeducted>100</LPTDeducted>
		<GrossMedicalInsurance>100</GrossMedicalInsurance>
		<ShareBasedRemuneration>100.00</ShareBasedRemuneration>
		<TaxableBenefits>100.00</TaxableBenefits>
		<TaxableLumpSum>100.00</TaxableLumpSum>
		<NonTaxableLumpSum>100.00</NonTaxableLumpSum>
		<EmployerRBS>500.00</EmployerRBS>
		<EmployeeRBS>500.00</EmployeeRBS>
		<EmployerPRSA>500.00</EmployerPRSA>
		<EmployeePRSA>500.00</EmployeePRSA>
		<EmployeeRAC>500.00</EmployeeRAC>
		<EmployeeAVC>500.00</EmployeeAVC>
	</Payslip>
</PayrollSubmissionRequest>

