{
    "submissionID": "Submission_00001",
    "status": "COMPLETED",
    "submissionSummary": {
        "taxOnIncome": 200.65,
        "prsi": 480.44,
        "usc": 240,
        "lpt": 100,
        "payslipCount": 1,
        "payslipToDeleteCount": 0
    },
    "payslipWarnings": [
        {
            "lineItemID": "LineItem-XYZ",
            "warnings": [
                {
                    "code": "2044",
                    "path": "rpnNumber",
                    "description": "Warning: Out-of-date RPN used."
                }
            ]
        }
    ]
}