<?xml version="1.0" encoding="UTF-8" standalone="yes"?>
<PayrollSubmissionRequest xmlns="http://www.ros.ie/schemas/paye-employers/v1/payroll/">
	<SubmissionID>Submission-2</SubmissionID>
	<BatchReference>
		<Index>1</Index>
		<Count>1</Count>
	</BatchReference>
	<Header>
		<EmployerRegistrationNumber>3390617EH</EmployerRegistrationNumber>
		<PayrollRunReference>Payroll-Run-Reference-2</PayrollRunReference>
		<TaxYear>2018</TaxYear>
		<SoftwareUsed>
			<Name>SOAP UI</Name>
			<Version>5.4.0</Version>
		</SoftwareUsed>
	</Header>
	<Payslip>
		<LineItemID>LineItem-XYZ-2</LineItemID>
		<EmployeeID>
			<EmployeePPSN>01234567T</EmployeePPSN>
			<EmploymentID>1</EmploymentID>
		</EmployeeID>
		<Name>
			<FirstName>Sara</FirstName>
			<FamilyName>Tester</FamilyName>
		</Name>
		<ShadowPayroll>false</ShadowPayroll>
		<PayFrequency>Monthly</PayFrequency>
		<NumberOfPayPeriods>13</NumberOfPayPeriods>
		<RPNNumber>3</RPNNumber>
		<ExclusionOrder>false</ExclusionOrder>
		<PayDate>2018-04-20</PayDate>
		<GrossPay>1000.00</GrossPay>
		<PayForIncomeTax>1000.00</PayForIncomeTax>
		<IncomeTaxPaid>189.00</IncomeTaxPaid>
		<PayForEmployeePRSI>0.00</PayForEmployeePRSI>
		<PayForEmployerPRSI>0.00</PayForEmployerPRSI>
		<PRSIExempt>true</PRSIExempt>
		<PRSIExemptionReason>SOCIAL_WELFARE_SCHEME</PRSIExemptionReason>
		<PRSIClassDetail>
			<PRSIClass>A1</PRSIClass>
			<InsurableWeeks>-4</InsurableWeeks>
		</PRSIClassDetail>
		<EmployeePRSIPaid>-40.00</EmployeePRSIPaid>
		<EmployerPRSIPaid>0.00</EmployerPRSIPaid>
		<PayForUSC>1000.00</PayForUSC>
		<USCStatus>Ordinary</USCStatus>
		<USCPaid>240.00</USCPaid>
		<LPTDeducted>100.00</LPTDeducted>
		<GrossMedicalInsurance>100.00</GrossMedicalInsurance>
		<ShareBasedRemuneration>100.00</ShareBasedRemuneration>
		<TaxableBenefits>100.00</TaxableBenefits>
		<TaxableLumpSum>100.00</TaxableLumpSum>
		<NonTaxableLumpSum>100.00</NonTaxableLumpSum>
		<EmployerRBS>0.00</EmployerRBS>
		<EmployeeRBS>0.00</EmployeeRBS>
		<EmployerPRSA>0.00</EmployerPRSA>
		<EmployeePRSA>0.00</EmployeePRSA>
		<EmployeeRAC>0.00</EmployeeRAC>
		<EmployeeAVC>0.00</EmployeeAVC>
	</Payslip>
</PayrollSubmissionRequest>

