<?xml version="1.0" encoding="UTF-8"?>
<rr:LookUpPayrollReturnByPeriodRequest xmlns:xsi="http://www.w3.org/2001/XMLSchema-instance" xmlns:rr="http://www.ros.ie/schemas/paye-employers/v1/payroll_return/" xsi:schemaLocation="http://www.ros.ie/schemas/paye-employers/v1/payroll_return/ file:///S:/Public/ITS/ITP/APPLICAT/PAYE%20Modernisation/Returns,%20Payments%20and%20Core%20PREM/2.Design/Technical/REST_Endpoints_Design/GET_Return_Info_REST_Endpoint/API_Design/SOAP_XML/schemas/paye-employers/v1/payroll_return/return-schema.xsd">
	<rr:EmployerRegistrationNumber>1234567T</rr:EmployerRegistrationNumber>
	<rr:AgentTain>45879C</rr:AgentTain>
	<rr:SoftwareUsed>
		<rr:Name>The Software</rr:Name>
		<rr:Version>Version 10.0</rr:Version>
	</rr:SoftwareUsed>
	<rr:ReturnPeriod>
		<rr:PeriodStartDate>2019-01-01</rr:PeriodStartDate>
		<rr:PeriodEndDate>2019-01-31</rr:PeriodEndDate>
	</rr:ReturnPeriod>
</rr:LookUpPayrollReturnByPeriodRequest>
