{
  "payslips": [
    {
      "lineItemID": "LineItem-XYZ-001",
      "employeeID": {	
        "employeePpsn": "01070390T",
        "employmentID": "1"
      },
      "name": {
        "firstName": "Sara",
        "familyName": "Tester"
      },
      "startDate": "2018-04-01",
      "shadowPayroll": false,
      "payFrequency": "WEEKLY",
      "numberOfPayPeriods": 52,
      "rpnNumber": "1",
      "exclusionOrder": false,
      "payDate": "2018-04-29",
      "grossPay": 2400.00,
      "payForIncomeTax": 2400.00,
      "incomeTaxPaid": 600.00,
      "payForEmployeePRSI": 600.00,
      "payForEmployerPRSI": 600.00,
      "prsiExempt": false,
      "prsiClassDetails": [
        {
          "prsiClass": "A1",
          "insurableWeeks": 1
        }
      ],
      "employeePRSIPaid": 600.00,
      "employerPRSIPaid": 600.00,
      "payForUSC": 2400.00,
      "uscStatus": "ORDINARY",
      "uscPaid": 2400.00,
      "lptDeducted": 0.00,
      "grossMedicalInsurance": 0.00,
      "shareBasedRemuneration": 0.00,
      "taxableBenefits": 0.00,
      "taxableLumpSum": 0.00,
      "nonTaxableLumpSum": 0.00,
      "pensionTracingNumbers": [],
      "employerRBS": 0.00,
      "employeeRBS": 0.00,
      "employerPRSA": 0.00,
      "employeePRSA": 0.00,
      "employeeRAC": 0.00,
      "employeeAVC": 0.00
    }
  ],
  "lineItemIDsToDelete": []
}