<env:Envelope xmlns:env="http://www.w3.org/2003/05/soap-envelope">
   <env:Header/>
   <env:Body>
      <ns2:CheckPayrollRunResponse xmlns:ns2="http://www.ros.ie/schemas/paye-employers/v1/payroll/">
         <ns2:Status>Processed</ns2:Status>
         <ns2:TaxOnIncome>4751.00</ns2:TaxOnIncome>
         <ns2:PRSI>1514.00</ns2:PRSI>
         <ns2:USC>1629.00</ns2:USC>
         <ns2:LPT>0.00</ns2:LPT>
         <ns2:Submission>
            <ns2:SubmissionID>Submission-20-1</ns2:SubmissionID>
            <ns2:Status>Completed</ns2:Status>
            <ns2:SubmissionSummary>
               <ns2:TaxOnIncome>700.00</ns2:TaxOnIncome>
               <ns2:PRSI>300.00</ns2:PRSI>
               <ns2:USC>100.00</ns2:USC>
               <ns2:LPT>0.00</ns2:LPT>
               <ns2:PayslipCount>1</ns2:PayslipCount>
               <ns2:PayslipToDeleteCount>0</ns2:PayslipToDeleteCount>
            </ns2:SubmissionSummary>
         </ns2:Submission>
         <ns2:Submission>
            <ns2:SubmissionID>Submission-1</ns2:SubmissionID>
            <ns2:Status>Completed</ns2:Status>
            <ns2:SubmissionSummary>
               <ns2:TaxOnIncome>150.00</ns2:TaxOnIncome>
               <ns2:PRSI>72.00</ns2:PRSI>
               <ns2:USC>48.00</ns2:USC>
               <ns2:LPT>0.00</ns2:LPT>
               <ns2:PayslipCount>1</ns2:PayslipCount>
               <ns2:PayslipToDeleteCount>0</ns2:PayslipToDeleteCount>
            </ns2:SubmissionSummary>
         </ns2:Submission>
         <ns2:Submission>
            <ns2:SubmissionID>Submission-24</ns2:SubmissionID>
            <ns2:Status>Completed</ns2:Status>
            <ns2:SubmissionSummary>
               <ns2:TaxOnIncome>700.00</ns2:TaxOnIncome>
               <ns2:PRSI>0</ns2:PRSI>
               <ns2:USC>100.00</ns2:USC>
               <ns2:LPT>0.00</ns2:LPT>
               <ns2:PayslipCount>1</ns2:PayslipCount>
               <ns2:PayslipToDeleteCount>0</ns2:PayslipToDeleteCount>
            </ns2:SubmissionSummary>
         </ns2:Submission>
         <ns2:Submission>
            <ns2:SubmissionID>Submission-25</ns2:SubmissionID>
            <ns2:Status>Completed</ns2:Status>
            <ns2:SubmissionSummary>
               <ns2:TaxOnIncome>700.00</ns2:TaxOnIncome>
               <ns2:PRSI>300.00</ns2:PRSI>
               <ns2:USC>100.00</ns2:USC>
               <ns2:LPT>0.00</ns2:LPT>
               <ns2:PayslipCount>1</ns2:PayslipCount>
               <ns2:PayslipToDeleteCount>0</ns2:PayslipToDeleteCount>
            </ns2:SubmissionSummary>
         </ns2:Submission>
         <ns2:Submission>
            <ns2:SubmissionID>Submission-26</ns2:SubmissionID>
            <ns2:Status>Completed</ns2:Status>
            <ns2:SubmissionSummary>
               <ns2:TaxOnIncome>700.00</ns2:TaxOnIncome>
               <ns2:PRSI>300.00</ns2:PRSI>
               <ns2:USC>100.00</ns2:USC>
               <ns2:LPT>0.00</ns2:LPT>
               <ns2:PayslipCount>1</ns2:PayslipCount>
               <ns2:PayslipToDeleteCount>0</ns2:PayslipToDeleteCount>
            </ns2:SubmissionSummary>
         </ns2:Submission>
         <ns2:Submission>
            <ns2:SubmissionID>Submission-29</ns2:SubmissionID>
            <ns2:Status>Completed</ns2:Status>
            <ns2:SubmissionSummary>
               <ns2:TaxOnIncome>-50.00</ns2:TaxOnIncome>
               <ns2:PRSI>-40.00</ns2:PRSI>
               <ns2:USC>-20.00</ns2:USC>
               <ns2:LPT>0.00</ns2:LPT>
               <ns2:PayslipCount>1</ns2:PayslipCount>
               <ns2:PayslipToDeleteCount>0</ns2:PayslipToDeleteCount>
            </ns2:SubmissionSummary>
         </ns2:Submission>
         <ns2:Submission>
            <ns2:SubmissionID>Submission-31</ns2:SubmissionID>
            <ns2:Status>Completed</ns2:Status>
            <ns2:SubmissionSummary>
               <ns2:TaxOnIncome>0.00</ns2:TaxOnIncome>
               <ns2:PRSI>0.00</ns2:PRSI>
               <ns2:USC>0.00</ns2:USC>
               <ns2:LPT>0.00</ns2:LPT>
               <ns2:PayslipCount>2</ns2:PayslipCount>
               <ns2:PayslipToDeleteCount>0</ns2:PayslipToDeleteCount>
            </ns2:SubmissionSummary>
         </ns2:Submission>
         <ns2:Submission>
            <ns2:SubmissionID>Submission-16</ns2:SubmissionID>
            <ns2:Status>Completed</ns2:Status>
            <ns2:SubmissionSummary>
               <ns2:PayslipCount>1</ns2:PayslipCount>
               <ns2:PayslipToDeleteCount>0</ns2:PayslipToDeleteCount>
            </ns2:SubmissionSummary>
         </ns2:Submission>
         <ns2:Submission>
            <ns2:SubmissionID>Submission-016</ns2:SubmissionID>
            <ns2:Status>Completed</ns2:Status>
            <ns2:SubmissionSummary>
               <ns2:TaxOnIncome>0.00</ns2:TaxOnIncome>
               <ns2:PRSI>0.00</ns2:PRSI>
               <ns2:USC>250.00</ns2:USC>
               <ns2:LPT>0.00</ns2:LPT>
               <ns2:PayslipCount>1</ns2:PayslipCount>
               <ns2:PayslipToDeleteCount>0</ns2:PayslipToDeleteCount>
            </ns2:SubmissionSummary>
         </ns2:Submission>
         <ns2:Submission>
            <ns2:SubmissionID>Submission-17</ns2:SubmissionID>
            <ns2:Status>Completed</ns2:Status>
            <ns2:SubmissionSummary>
               <ns2:PayslipCount>2</ns2:PayslipCount>
               <ns2:PayslipToDeleteCount>0</ns2:PayslipToDeleteCount>
            </ns2:SubmissionSummary>
         </ns2:Submission>
         <ns2:Submission>
            <ns2:SubmissionID>Submission-017</ns2:SubmissionID>
            <ns2:Status>Completed</ns2:Status>
            <ns2:SubmissionSummary>
               <ns2:TaxOnIncome>0.00</ns2:TaxOnIncome>
               <ns2:PRSI>0.00</ns2:PRSI>
               <ns2:USC>250.00</ns2:USC>
               <ns2:LPT>0.00</ns2:LPT>
               <ns2:PayslipCount>2</ns2:PayslipCount>
               <ns2:PayslipToDeleteCount>0</ns2:PayslipToDeleteCount>
            </ns2:SubmissionSummary>
         </ns2:Submission>
         <ns2:Submission>
            <ns2:SubmissionID>Submission17</ns2:SubmissionID>
            <ns2:Status>Completed</ns2:Status>
            <ns2:SubmissionSummary>
               <ns2:TaxOnIncome>0.00</ns2:TaxOnIncome>
               <ns2:PRSI>0.00</ns2:PRSI>
               <ns2:USC>500.00</ns2:USC>
               <ns2:LPT>0.00</ns2:LPT>
               <ns2:PayslipCount>2</ns2:PayslipCount>
               <ns2:PayslipToDeleteCount>0</ns2:PayslipToDeleteCount>
            </ns2:SubmissionSummary>
         </ns2:Submission>
         <ns2:Submission>
            <ns2:SubmissionID>Submission-18</ns2:SubmissionID>
            <ns2:Status>Completed</ns2:Status>
            <ns2:SubmissionSummary>
               <ns2:TaxOnIncome>-250.00</ns2:TaxOnIncome>
               <ns2:PRSI>-320.00</ns2:PRSI>
               <ns2:USC>-100.00</ns2:USC>
               <ns2:LPT>0.00</ns2:LPT>
               <ns2:PayslipCount>1</ns2:PayslipCount>
               <ns2:PayslipToDeleteCount>0</ns2:PayslipToDeleteCount>
            </ns2:SubmissionSummary>
         </ns2:Submission>
         <ns2:Submission>
            <ns2:SubmissionID>Submission-19</ns2:SubmissionID>
            <ns2:Status>Completed</ns2:Status>
            <ns2:SubmissionSummary>
               <ns2:TaxOnIncome>1400.00</ns2:TaxOnIncome>
               <ns2:PRSI>600.00</ns2:PRSI>
               <ns2:USC>200.00</ns2:USC>
               <ns2:LPT>0.00</ns2:LPT>
               <ns2:PayslipCount>2</ns2:PayslipCount>
               <ns2:PayslipToDeleteCount>0</ns2:PayslipToDeleteCount>
            </ns2:SubmissionSummary>
         </ns2:Submission>
         <ns2:Submission>
            <ns2:SubmissionID>Submission-031</ns2:SubmissionID>
            <ns2:Status>Completed</ns2:Status>
            <ns2:SubmissionSummary>
               <ns2:TaxOnIncome>-700.00</ns2:TaxOnIncome>
               <ns2:PRSI>-300.00</ns2:PRSI>
               <ns2:USC>-100.00</ns2:USC>
               <ns2:LPT>0.00</ns2:LPT>
               <ns2:PayslipCount>2</ns2:PayslipCount>
               <ns2:PayslipToDeleteCount>0</ns2:PayslipToDeleteCount>
            </ns2:SubmissionSummary>
         </ns2:Submission>
         <ns2:Submission>
            <ns2:SubmissionID>Submission31</ns2:SubmissionID>
            <ns2:Status>Completed</ns2:Status>
            <ns2:SubmissionSummary>
               <ns2:TaxOnIncome>1401.00</ns2:TaxOnIncome>
               <ns2:PRSI>602.00</ns2:PRSI>
               <ns2:USC>201.00</ns2:USC>
               <ns2:LPT>0.00</ns2:LPT>
               <ns2:PayslipCount>2</ns2:PayslipCount>
               <ns2:PayslipToDeleteCount>0</ns2:PayslipToDeleteCount>
            </ns2:SubmissionSummary>
         </ns2:Submission>
         <ns2:PayslipSummary>
            <ns2:LineItemID>LineItem-XYZ-22</ns2:LineItemID>
            <ns2:EmployeeID>
               <ns2:EmployeePPSN>01234567T</ns2:EmployeePPSN>
               <ns2:EmploymentID>1</ns2:EmploymentID>
            </ns2:EmployeeID>
            <ns2:TaxOnIncome>150.00</ns2:TaxOnIncome>
            <ns2:PRSI>72.00</ns2:PRSI>
            <ns2:USC>48.00</ns2:USC>
            <ns2:LPT>0.00</ns2:LPT>
         </ns2:PayslipSummary>
         <ns2:PayslipSummary>
            <ns2:LineItemID>LineItem-XYZ-24</ns2:LineItemID>
            <ns2:EmployeeID>
               <ns2:EmployeePPSN>01234567T</ns2:EmployeePPSN>
               <ns2:EmploymentID>1</ns2:EmploymentID>
            </ns2:EmployeeID>
            <ns2:TaxOnIncome>700.00</ns2:TaxOnIncome>
            <ns2:PRSI>0.00</ns2:PRSI>
            <ns2:USC>100.00</ns2:USC>
            <ns2:LPT>0.00</ns2:LPT>
         </ns2:PayslipSummary>
         <ns2:PayslipSummary>
            <ns2:LineItemID>LineItem-XYZ-25</ns2:LineItemID>
            <ns2:EmployeeID>
               <ns2:EmployeePPSN>01234567T</ns2:EmployeePPSN>
               <ns2:EmploymentID>1</ns2:EmploymentID>
            </ns2:EmployeeID>
            <ns2:TaxOnIncome>700.00</ns2:TaxOnIncome>
            <ns2:PRSI>300.00</ns2:PRSI>
            <ns2:USC>100.00</ns2:USC>
            <ns2:LPT>0.00</ns2:LPT>
         </ns2:PayslipSummary>
         <ns2:PayslipSummary>
            <ns2:LineItemID>LineItem-XYZ-26</ns2:LineItemID>
            <ns2:EmployeeID>
               <ns2:EmployeePPSN>01234567T</ns2:EmployeePPSN>
               <ns2:EmploymentID>1</ns2:EmploymentID>
            </ns2:EmployeeID>
            <ns2:TaxOnIncome>700.00</ns2:TaxOnIncome>
            <ns2:PRSI>300.00</ns2:PRSI>
            <ns2:USC>100.00</ns2:USC>
            <ns2:LPT>0.00</ns2:LPT>
         </ns2:PayslipSummary>
         <ns2:PayslipSummary>
            <ns2:LineItemID>LineItem-XYZ-Repayment</ns2:LineItemID>
            <ns2:EmployeeID>
               <ns2:EmployeePPSN>01234567T</ns2:EmployeePPSN>
               <ns2:EmploymentID>1</ns2:EmploymentID>
            </ns2:EmployeeID>
            <ns2:TaxOnIncome>-50.00</ns2:TaxOnIncome>
            <ns2:PRSI>-40.00</ns2:PRSI>
            <ns2:USC>-20.00</ns2:USC>
            <ns2:LPT>0.00</ns2:LPT>
         </ns2:PayslipSummary>
         <ns2:PayslipSummary>
            <ns2:LineItemID>LineItem-XYZ-Correction</ns2:LineItemID>
            <ns2:EmployeeID>
               <ns2:EmployeePPSN>01234567T</ns2:EmployeePPSN>
               <ns2:EmploymentID>1</ns2:EmploymentID>
            </ns2:EmployeeID>
            <ns2:TaxOnIncome>700.00</ns2:TaxOnIncome>
            <ns2:PRSI>300.00</ns2:PRSI>
            <ns2:USC>100.00</ns2:USC>
            <ns2:LPT>0.00</ns2:LPT>
         </ns2:PayslipSummary>
         <ns2:PayslipSummary>
            <ns2:LineItemID>LineItem-XYZ-016</ns2:LineItemID>
            <ns2:EmployeeID>
               <ns2:EmployeePPSN>01234567T</ns2:EmployeePPSN>
               <ns2:EmploymentID>1</ns2:EmploymentID>
            </ns2:EmployeeID>
            <ns2:TaxOnIncome>0.00</ns2:TaxOnIncome>
            <ns2:PRSI>0.00</ns2:PRSI>
            <ns2:USC>250.00</ns2:USC>
            <ns2:LPT>0.00</ns2:LPT>
         </ns2:PayslipSummary>
         <ns2:PayslipSummary>
            <ns2:LineItemID>LineItem-XYZ-017</ns2:LineItemID>
            <ns2:EmployeeID>
               <ns2:EmployeePPSN>01234567T</ns2:EmployeePPSN>
               <ns2:EmploymentID>1</ns2:EmploymentID>
            </ns2:EmployeeID>
            <ns2:TaxOnIncome>0.00</ns2:TaxOnIncome>
            <ns2:PRSI>0.00</ns2:PRSI>
            <ns2:USC>250.00</ns2:USC>
            <ns2:LPT>0.00</ns2:LPT>
         </ns2:PayslipSummary>
         <ns2:PayslipSummary>
            <ns2:LineItemID>LineItem-XYZ17</ns2:LineItemID>
            <ns2:EmployeeID>
               <ns2:EmployeePPSN>01234567T</ns2:EmployeePPSN>
               <ns2:EmploymentID>1</ns2:EmploymentID>
            </ns2:EmployeeID>
            <ns2:TaxOnIncome>0.00</ns2:TaxOnIncome>
            <ns2:PRSI>0.00</ns2:PRSI>
            <ns2:USC>250.00</ns2:USC>
            <ns2:LPT>0.00</ns2:LPT>
         </ns2:PayslipSummary>
         <ns2:PayslipSummary>
            <ns2:LineItemID>LineItem-ABC-17</ns2:LineItemID>
            <ns2:EmployeeID>
               <ns2:EmployeePPSN>7005520AA</ns2:EmployeePPSN>
               <ns2:EmploymentID>1</ns2:EmploymentID>
            </ns2:EmployeeID>
            <ns2:TaxOnIncome>0.00</ns2:TaxOnIncome>
            <ns2:PRSI>0.00</ns2:PRSI>
            <ns2:USC>250.00</ns2:USC>
            <ns2:LPT>0.00</ns2:LPT>
         </ns2:PayslipSummary>
         <ns2:PayslipSummary>
            <ns2:LineItemID>LineItem-XYZ-18</ns2:LineItemID>
            <ns2:EmployeeID>
               <ns2:EmployeePPSN>01234567T</ns2:EmployeePPSN>
               <ns2:EmploymentID>1</ns2:EmploymentID>
            </ns2:EmployeeID>
            <ns2:TaxOnIncome>-250.00</ns2:TaxOnIncome>
            <ns2:PRSI>-320.00</ns2:PRSI>
            <ns2:USC>-100.00</ns2:USC>
            <ns2:LPT>0.00</ns2:LPT>
         </ns2:PayslipSummary>
         <ns2:PayslipSummary>
            <ns2:LineItemID>LineItem-XYZ-19</ns2:LineItemID>
            <ns2:EmployeeID>
               <ns2:EmployeePPSN>01234567T</ns2:EmployeePPSN>
               <ns2:EmploymentID>1</ns2:EmploymentID>
            </ns2:EmployeeID>
            <ns2:TaxOnIncome>700.00</ns2:TaxOnIncome>
            <ns2:PRSI>300.00</ns2:PRSI>
            <ns2:USC>100.00</ns2:USC>
            <ns2:LPT>0.00</ns2:LPT>
         </ns2:PayslipSummary>
         <ns2:PayslipSummary>
            <ns2:LineItemID>LineItem-XYZ-Correction-31</ns2:LineItemID>
            <ns2:EmployeeID>
               <ns2:EmployeePPSN>01234567T</ns2:EmployeePPSN>
               <ns2:EmploymentID>1</ns2:EmploymentID>
            </ns2:EmployeeID>
            <ns2:TaxOnIncome>700.00</ns2:TaxOnIncome>
            <ns2:PRSI>300.00</ns2:PRSI>
            <ns2:USC>100.00</ns2:USC>
            <ns2:LPT>0.00</ns2:LPT>
         </ns2:PayslipSummary>
         <ns2:PayslipSummary>
            <ns2:LineItemID>LineItem-ABC-Correction-31</ns2:LineItemID>
            <ns2:EmployeeID>
               <ns2:EmployeePPSN>7005520AA</ns2:EmployeePPSN>
               <ns2:EmploymentID>1</ns2:EmploymentID>
            </ns2:EmployeeID>
            <ns2:TaxOnIncome>701.00</ns2:TaxOnIncome>
            <ns2:PRSI>302.00</ns2:PRSI>
            <ns2:USC>101.00</ns2:USC>
            <ns2:LPT>0.00</ns2:LPT>
         </ns2:PayslipSummary>
      </ns2:CheckPayrollRunResponse>
   </env:Body>
</env:Envelope>