{
    "status": "PROCESSED",
    "taxOnIncome": 400,
    "prsi": 800,
    "usc": 300,
    "lpt": 0,
    "submissions": [
        {
            "submissionID": "Submission_00001",
            "status": "COMPLETED",
            "submissionSummary": {
                "taxOnIncome": 400,
                "prsi": 800,
                "usc": 300,
                "lpt": 0,
                "payslipCount": 1,
                "payslipToDeleteCount": 0
            }
        },
        {
            "submissionID": "Submission_00002",
            "status": "COMPLETED",
            "submissionSummary": {
                "taxOnIncome": 0,
                "prsi": 0,
                "usc": 0,
                "lpt": 0,
                "payslipCount": 1,
                "payslipToDeleteCount": 1
            }
        }
    ],
    "payslipSummaries": [
        {
            "lineItemID": "LineItem-XYZ-Correction",
            "employeeID": {
                "employeePpsn": "01070390T",
                "employmentID": "1"
            },
            "taxOnIncome": 400,
            "prsi": 800,
            "usc": 300,
            "lpt": 0
        }
    ]
}